{
 "0": [
  0.07216494845360824,
  0.9278350515463918
 ],
 "1": [
  0.5979381443298969,
  0.4020618556701031
 ],
 "3": [
  0.6647398843930635,
  0.3352601156069364
 ],
 "4": [
  0.6358381502890174,
  0.36416184971098264
 ],
 "5": [
  0.5549132947976878,
  0.44508670520231214
 ],
 "6": [
  0.7912371134020618,
  0.20876288659793815
 ]
}