{
 "var": [
  0,
  1,
  2,
  3,
  4
 ],
 "card": [
  2,
  2,
  3,
  2,
  2
 ],
 "val": [
  0.012599999999999997,
  0.0231,
  0.00019999999999999998,
  0.0010999999999999998,
  0.0654,
  0.010199999999999997,
  0.0028999999999999985,
  0.0032999999999999995,
  0.11470000000000001,
  0.0052000000000000015,
  0.025500000000000002,
  0.003999999999999999,
  0.11279999999999998,
  0.2138,
  0.0017999999999999997,
  0.010799999999999999,
  0.0985,
  0.0139,
  0.006900000000000002,
  0.004300000000000001,
  0.0007,
  9.999999999999996e-05,
  0.0002999999999999999,
  9.999999999999996e-05,
  0.0003,
  0.0013,
  0.0006000000000000001,
  0.0044,
  0.0034999999999999988,
  0.0004999999999999999,
  0.0148,
  0.0116,
  0.006300000000000001,
  0.0006,
  0.0988,
  0.018099999999999998,
  0.0051,
  0.009499999999999996,
  0.006200000000000001,
  0.044500000000000005,
  0.0043,
  0.0009999999999999998,
  0.0196,
  0.0155,
  9.999999999999996e-05,
  0.0,
  0.0009999999999999998,
  0.00019999999999999993
 ]
}