{
 "var": [
  0,
  1,
  2,
  3,
  4,
  5,
  6,
  7,
  8,
  9
 ],
 "card": [
  2,
  2,
  2,
  2,
  2,
  2,
  2,
  2,
  2,
  2
 ],
 "val": [
  0.0001,
  0.0001,
  0.0002,
  0.0012000000000000001,
  0.0,
  0.0007000000000000001,
  0.0002,
  0.0004,
  0.0016,
  0.006000000000000002,
  0.0006000000000000001,
  0.0012000000000000001,
  0.0001,
  0.004,
  0.0004,
  0.0022999999999999995,
  0.0001,
  0.0,
  0.0,
  0.0002,
  0.0,
  0.0002,
  0.0,
  0.0001,
  0.0001,
  0.0002,
  0.0001,
  0.0,
  0.0001,
  0.0016,
  0.0,
  0.0011,
  0.00030000000000000003,
  0.0001,
  0.0009000000000000001,
  0.0018000000000000002,
  0.0,
  0.0019000000000000002,
  0.00030000000000000003,
  0.0014000000000000002,
  0.0002,
  0.0014000000000000002,
  0.0002,
  0.0004,
  0.0,
  0.0008,
  0.0001,
  0.0006000000000000001,
  0.0,
  0.0,
  0.0004,
  0.0002,
  0.0,
  0.0002,
  0.0,
  0.00030000000000000003,
  0.0,
  0.0002,
  0.0,
  0.0,
  0.0,
  0.0001,
  0.0,
  0.0002,
  0.00030000000000000003,
  0.0005,
  0.0015000000000000002,
  0.0018000000000000002,
  0.0001,
  0.002,
  0.0002,
  0.0021999999999999997,
  0.001,
  0.004700000000000002,
  0.0005,
  0.0007000000000000001,
  0.0001,
  0.0027999999999999995,
  0.0001,
  0.0016,
  0.0001,
  0.0,
  0.0004,
  0.0,
  0.0001,
  0.0007000000000000001,
  0.0,
  0.0001,
  0.0001,
  0.0009000000000000001,
  0.0002,
  0.0002,
  0.0,
  0.0018000000000000002,
  0.0001,
  0.0002,
  0.00030000000000000003,
  0.0009000000000000001,
  0.002999999999999999,
  0.004600000000000002,
  0.0004,
  0.0032,
  0.0006000000000000001,
  0.0021999999999999997,
  0.0004,
  0.0008,
  0.0,
  0.00030000000000000003,
  0.0,
  0.0008,
  0.0001,
  0.0,
  0.0001,
  0.00030000000000000003,
  0.0002,
  0.0007000000000000001,
  0.0002,
  0.0011,
  0.0001,
  0.0009000000000000001,
  0.0,
  0.0001,
  0.0,
  0.0,
  0.0,
  0.0001,
  0.0,
  0.0001,
  0.0,
  0.0001,
  0.0009000000000000001,
  0.0008,
  0.00030000000000000003,
  0.001,
  0.0001,
  0.0006000000000000001,
  0.002,
  0.0072000000000000015,
  0.0012000000000000001,
  0.0014000000000000002,
  0.00030000000000000003,
  0.0033,
  0.0004,
  0.002,
  0.0,
  0.0,
  0.00030000000000000003,
  0.0004,
  0.00030000000000000003,
  0.00030000000000000003,
  0.0002,
  0.0007000000000000001,
  0.0005,
  0.002,
  0.00030000000000000003,
  0.0006000000000000001,
  0.0004,
  0.006200000000000002,
  0.0002,
  0.003799999999999999,
  0.0001,
  0.0002,
  0.0011,
  0.002,
  0.0001,
  0.0013000000000000002,
  0.0002,
  0.0012000000000000001,
  0.0005,
  0.0009000000000000001,
  0.0,
  0.0004,
  0.0001,
  0.0006000000000000001,
  0.0,
  0.0006000000000000001,
  0.0,
  0.0,
  0.0004,
  0.0002,
  0.0002,
  0.0015000000000000002,
  0.0001,
  0.001,
  0.0001,
  0.0004,
  0.0002,
  0.0,
  0.0,
  0.0012000000000000001,
  0.0001,
  0.0005,
  0.0002,
  0.0008,
  0.0019000000000000002,
  0.0026,
  0.0,
  0.0016,
  0.0004,
  0.0016,
  0.0019000000000000002,
  0.005000000000000001,
  0.0007000000000000001,
  0.0009000000000000001,
  0.0002,
  0.0035999999999999995,
  0.0002,
  0.0019000000000000002,
  0.0,
  0.0002,
  0.0009000000000000001,
  0.00030000000000000003,
  0.0004,
  0.0017000000000000001,
  0.0002,
  0.0021999999999999997,
  0.0007000000000000001,
  0.0017000000000000001,
  0.0005,
  0.0001,
  0.0004,
  0.004300000000000001,
  0.0007000000000000001,
  0.0018000000000000002,
  0.0002,
  0.0009000000000000001,
  0.0035999999999999995,
  0.0048000000000000004,
  0.0001,
  0.0033,
  0.00030000000000000003,
  0.0034999999999999996,
  0.0001,
  0.0009000000000000001,
  0.0,
  0.0001,
  0.0001,
  0.00030000000000000003,
  0.0,
  0.0005,
  0.0,
  0.0004,
  0.0008,
  0.0006000000000000001,
  0.0002,
  0.0036999999999999993,
  0.0005,
  0.0034999999999999996,
  0.0,
  0.0007000000000000001,
  0.0,
  0.0,
  0.0,
  0.0017000000000000001,
  0.0,
  0.0002,
  0.0,
  0.0,
  0.0001,
  0.0001,
  0.0,
  0.0001,
  0.0,
  0.0006000000000000001,
  0.0005,
  0.0034,
  0.00030000000000000003,
  0.0007000000000000001,
  0.0001,
  0.0032,
  0.0002,
  0.001,
  0.0,
  0.00030000000000000003,
  0.0008,
  0.0012000000000000001,
  0.00030000000000000003,
  0.002,
  0.00030000000000000003,
  0.0025,
  0.0024000000000000002,
  0.0101,
  0.0006000000000000001,
  0.0013000000000000002,
  0.0016,
  0.016900000000000005,
  0.0018000000000000002,
  0.008900000000000002,
  0.0,
  0.0004,
  0.0009000000000000001,
  0.0013000000000000002,
  0.00030000000000000003,
  0.00030000000000000003,
  0.0,
  0.0007000000000000001,
  0.00030000000000000003,
  0.0007000000000000001,
  0.0001,
  0.0001,
  0.0,
  0.0005,
  0.0,
  0.00030000000000000003,
  0.0,
  0.0002,
  0.0016,
  0.0032,
  0.0007000000000000001,
  0.006000000000000002,
  0.001,
  0.005400000000000002,
  0.0,
  0.0021999999999999997,
  0.0001,
  0.0004,
  0.0001,
  0.0034999999999999996,
  0.0002,
  0.0012000000000000001,
  0.0001,
  0.0,
  0.0001,
  0.0002,
  0.0,
  0.0001,
  0.0,
  0.0002,
  0.0001,
  0.00030000000000000003,
  0.0,
  0.0,
  0.0,
  0.0001,
  0.0,
  0.0002,
  0.0,
  0.0,
  0.0008,
  0.0002,
  0.0,
  0.0013000000000000002,
  0.0001,
  0.0004,
  0.0002,
  0.0008,
  0.0001,
  0.0001,
  0.0001,
  0.0013000000000000002,
  0.0001,
  0.0013000000000000002,
  0.0,
  0.0001,
  0.0,
  0.0006000000000000001,
  0.0,
  0.0,
  0.0,
  0.0002,
  0.0,
  0.0,
  0.0,
  0.0,
  0.0,
  0.0,
  0.0,
  0.0,
  0.0001,
  0.0001,
  0.0001,
  0.0006000000000000001,
  0.0001,
  0.0019000000000000002,
  0.00030000000000000003,
  0.0021999999999999997,
  0.0,
  0.0,
  0.0,
  0.0,
  0.0,
  0.0,
  0.0,
  0.0004,
  0.0002,
  0.0004,
  0.0016,
  0.0034999999999999996,
  0.0,
  0.0021,
  0.0004,
  0.0019000000000000002,
  0.006000000000000002,
  0.017900000000000003,
  0.0021999999999999997,
  0.0022999999999999995,
  0.0011,
  0.009800000000000001,
  0.0007000000000000001,
  0.0065000000000000014,
  0.0,
  0.0001,
  0.0001,
  0.0006000000000000001,
  0.0,
  0.0011,
  0.0,
  0.001,
  0.0012000000000000001,
  0.0027999999999999995,
  0.0004,
  0.00030000000000000003,
  0.0002,
  0.007100000000000003,
  0.0009000000000000001,
  0.004600000000000002,
  0.0006000000000000001,
  0.0009000000000000001,
  0.0034,
  0.0048000000000000004,
  0.00030000000000000003,
  0.0036999999999999993,
  0.0005,
  0.0025,
  0.0013000000000000002,
  0.0032,
  0.00030000000000000003,
  0.0005,
  0.0001,
  0.0014000000000000002,
  0.0004,
  0.001,
  0.0002,
  0.0001,
  0.0006000000000000001,
  0.0009000000000000001,
  0.0002,
  0.002999999999999999,
  0.0007000000000000001,
  0.0014000000000000002,
  0.0001,
  0.0001,
  0.0001,
  0.0001,
  0.0002,
  0.0013000000000000002,
  0.0,
  0.0006000000000000001,
  0.0,
  0.0,
  0.0005,
  0.0012000000000000001,
  0.0001,
  0.0004,
  0.0,
  0.0004,
  0.0004,
  0.0016,
  0.0005,
  0.0002,
  0.0002,
  0.001,
  0.0002,
  0.00030000000000000003,
  0.0,
  0.0,
  0.0,
  0.0,
  0.0001,
  0.0005,
  0.0,
  0.0002,
  0.0,
  0.0005,
  0.0,
  0.0,
  0.0002,
  0.00030000000000000003,
  0.0,
  0.00030000000000000003,
  0.0001,
  0.0002,
  0.0008,
  0.0024000000000000002,
  0.0001,
  0.001,
  0.0,
  0.0012000000000000001,
  0.0001,
  0.00030000000000000003,
  0.0,
  0.0,
  0.0,
  0.0002,
  0.0,
  0.0,
  0.0,
  0.0001,
  0.0001,
  0.0004,
  0.0,
  0.0008,
  0.0,
  0.0008,
  0.0001,
  0.0,
  0.0,
  0.0,
  0.0,
  0.0002,
  0.0,
  0.0001,
  0.0001,
  0.0002,
  0.0009000000000000001,
  0.0007000000000000001,
  0.0001,
  0.0012000000000000001,
  0.0,
  0.001,
  0.0034,
  0.0108,
  0.0006000000000000001,
  0.0016,
  0.0005,
  0.006100000000000002,
  0.0005,
  0.0036999999999999993,
  0.0,
  0.0002,
  0.0,
  0.0,
  0.0,
  0.0002,
  0.0,
  0.0,
  0.00030000000000000003,
  0.0013000000000000002,
  0.0001,
  0.0001,
  0.0001,
  0.002,
  0.0,
  0.0013000000000000002,
  0.0002,
  0.0007000000000000001,
  0.0011,
  0.0025,
  0.0004,
  0.0018000000000000002,
  0.0002,
  0.0015000000000000002,
  0.0004,
  0.0017000000000000001,
  0.0002,
  0.0004,
  0.0002,
  0.0011,
  0.0001,
  0.0005,
  0.0,
  0.0,
  0.0001,
  0.0001,
  0.0,
  0.00030000000000000003,
