{
 "var": [
  0,
  1,
  3,
  4,
  6,
  7,
  8,
  9
 ],
 "card": [
  2,
  2,
  2,
  2,
  2,
  2,
  2,
  2
 ],
 "val": [
  0.00016639037647363326,
  0.005324492047156264,
  0.0004991711294209,
  0.007543030400138043,
  8.011388496878641e-05,
  0.002021334943827841,
  0.00010476431111302838,
  0.001010667471913921,
  0.00016639037647363326,
  0.002218538352981778,
  0.00011092691764908882,
  0.0017748306823854212,
  6.16260653606049e-06,
  0.0008381144889042266,
  3.6975639216362944e-05,
  0.00034510596601938743,
  0.0005546345882454441,
  0.016639037647363332,
  0.001386586470613611,
  0.01752645298855605,
  3.6975639216362944e-05,
  0.0015283264209430025,
  9.860170457696787e-05,
  0.0009613666196254365,
  0.00011092691764908884,
  0.005768199717752622,
  0.0006655615058945329,
  0.005990053553050797,
  2.465042614424197e-05,
  0.0004190572444521133,
  3.081303268030246e-05,
  0.00024650426144241967,
  0.0003882442117718109,
  0.007099322729541685,
  0.0003327807529472666,
  0.006433761223647155,
  8.011388496878637e-05,
  0.0019227332392508735,
  9.860170457696788e-05,
  0.0011832204549236146,
  0.00033278075294726657,
  0.008430445741330752,
  0.0006100980470699885,
  0.006655615058945331,
  6.162606536060492e-05,
  0.0023171400575587443,
  0.00011092691764908887,
  0.0010353178980581628,
  0.0005546345882454441,
  0.018857576000345107,
  0.0017748306823854219,
  0.0159734761414688,
  5.546345882454441e-05,
  0.0014297247163660343,
  8.627649150484691e-05,
  0.0008134640627599849,
  0.0011092691764908885,
  0.01686089148266151,
  0.001830294141209966,
  0.01686089148266151,
  4.9300852288483934e-05,
  0.0015283264209430022,
  6.77886718966654e-05,
  0.0010599683242024046,
  0.00016639037647363326,
  0.0026622460235781317,
  0.0003327807529472666,
  0.0039933690353672,
  3.6975639216362944e-05,
  0.0010353178980581628,
  8.011388496878643e-05,
  0.0005423093751733233,
  0.0014975133882626993,
  0.034831052141813916,
  0.002495855647104498,
  0.03105953694174488,
  0.000388244211771811,
  0.009465763639388914,
  0.0004683580967405974,
  0.00525054076872354,
  0.0,
  0.0008874153411927107,
  5.546345882454443e-05,
  0.0011092691764908887,
  0.0,
  2.465042614424197e-05,
  2.4650426144241967e-05,
  4.9300852288483934e-05,
  0.00022185383529817765,
  0.007764884235436221,
  0.0007764884235436216,
  0.007764884235436219,
  3.0813032680302466e-05,
  0.000616260653606049,
  5.546345882454441e-05,
  0.0005176589490290811,
  0.000831951882368166,
  0.014642353129679727,
  0.001275659552964522,
  0.01686089148266151,
  0.0002465042614424196,
  0.005127288638002328,
  0.0002588294745145407,
  0.003377108381761149,
  0.0004991711294209,
  0.011092691764908885,
  0.0008874153411927109,
  0.01042713025901435,
  0.0001910408026178752,
  0.003623612643203568,
  0.00019720340915393568,
  0.0018734323869623894,
  0.0,
  0.005990053553050797,
  0.0005546345882454441,
  0.003993369035367198,
  6.16260653606049e-06,
  0.00036975639216362964,
  6.162606536060493e-06,
  0.0001725529830096938,
  0.00022185383529817768,
  0.004658930541261734,
  0.000388244211771811,
  0.0011092691764908887,
  6.16260653606049e-06,
  0.0003697563921636296,
  3.081303268030246e-05,
  0.00012325213072120984,
  0.0006100980470699885,
  0.011758253270803414,
  0.0009983422588418,
  0.009539714917821641,
  9.243909804090733e-05,
  0.0030073519895975186,
  0.00010476431111302838,
  0.0014790255686545184,
  0.00011092691764908882,
  0.002662246023578134,
  0.0004991711294208997,
  0.0035496613647708424,
  3.697563921636294e-05,
  0.0009367161934811943,
  4.313824575242344e-05,
  0.0005916102274618073,
  0.0004991711294208997,
  0.016639037647363335,
  0.0009428788000172554,
  0.013754937788487015,
  7.395127843272591e-05,
  0.0015529768470872445,
  6.778867189666542e-05,
  0.0008874153411927107,
  0.00016639037647363326,
  0.004215222870665378,
  0.0004991711294208997,
  0.005546345882454442,
  2.465042614424197e-05,
  0.0004930085228848395,
  3.081303268030246e-05,
  0.0001479025568654518,
  0.0002773172941227221,
  0.011314545600207062,
  0.000721024964719078,
  0.009761568753119818,
  0.00014173995032939124,
  0.0034510596601938746,
  0.00020336601568999625,
  0.0017008794039526961,
  0.00044370767059635535,
  0.011314545600207062,
  0.0009428788000172551,
  0.01242381477669795,
  0.00012325213072120986,
  0.0034757100863381163,
  0.00020336601568999622,
  0.0022924896314145036,
  0.0006100980470699885,
  0.013089376282592482,
  0.0014420499294381555,
  0.017304599153257872,
  6.162606536060492e-05,
  0.0013557734379333088,
  8.011388496878643e-05,
  0.0005669598013175653,
  0.0008874153411927107,
  0.019744991341537815,
  0.0017193672235608773,
  0.013533083953188836,
  5.5463458824544426e-05,
  0.001429724716366034,
  4.930085228848392e-05,
  0.0007641632104715006,
  0.0,
  0.0004437076705963553,
  0.00011092691764908884,
  0.00044370767059635535,
  1.232521307212098e-05,
  0.00017255298300969377,
  6.162606536060492e-06,
  0.00019720340915393574,
  0.0005546345882454441,
  0.011092691764908886,
  0.000831951882368166,
  0.008652299576628927,
  8.627649150484686e-05,
  0.0027361973020108583,
  0.00016639037647363328,
  0.001355773437933309,
  0.0003882442117718109,
  0.009761568753119816,
  0.0014420499294381555,
  0.007321176564839865,
  2.465042614424196e-05,
  0.000714862358183017,
  3.081303268030246e-05,
  0.0005669598013175653,
  0.003438734447121753,
  0.07365547331899504,
  0.007043859270717141,
  0.06411575840117335,
  0.00021569122876211722,
  0.006039354405339283,
  0.0002896425071948432,
  0.0034017588079053905,
  0.00011092691764908882,
  0.005324492047156264,
  0.0006100980470699885,
  0.007321176564839864,
  6.77886718966654e-05,
  0.0020213349438278415,
  7.395127843272591e-05,
  0.0012078708810678565,
  0.0,
  0.003993369035367198,
  0.0004991711294209,
  0.002884099858876312,
  1.848781960818148e-05,
  0.0010599683242024046,
  4.3138245752423436e-05,
  0.0003697563921636293,
  0.0018857576000345102,
  0.04792042842440637,
  0.0038269786588935647,
  0.04215222870665377,
  0.00014173995032939124,
  0.0033524579556169073,
  0.00017871558954575425,
  0.0020952862222605676,
  0.001442049929438155,
  0.027066167906377673,
  0.002329465270630866,
  0.025513191059290452,
  0.00011708952418514936,
  0.0023171400575587456,
  0.00011092691764908881,
  0.0017255298300969378
 ]
}