{
 "0": {
  "variance": 0.974234456312156,
  "bias": -0.045256707490195384
 }
}