{
 "0": {
  "variance": 0.9974877408077235,
  "bias": -0.002001361888785093
 },
 "1": {
  "variance": 0.09995851021893407,
  "bias": 0.3016807769192893,
  "0": 0.50075632859529
 },
 "2": {
  "variance": 1.4939431801634744,
  "bias": 0.3009872805903117,
  "0": -0.5053310270806992,
  "1": 0.8015230035544838
 }
}