{
 "var": [
  0,
  1,
  2,
  3,
  4
 ],
 "card": [
  2,
  2,
  3,
  2,
  2
 ],
 "val": [
  0.011971245009480987,
  0.02394249001896197,
  0.00018001872194708252,
  0.00120012481298055,
  0.06384664005056526,
  0.008512885340075367,
  0.0036003744389416503,
  0.002880299551153319,
  0.11851532559386177,
  0.005267347804171637,
  0.02495059486186564,
  0.0047524942594029795,
  0.10774120508532885,
  0.21548241017065772,
  0.0016201684975237424,
  0.010801123316824951,
  0.0957699600758479,
  0.01276932801011305,
  0.005400561658412475,
  0.0043204493267299795,
  0.0011971245009480985,
  0.0,
  0.0002520262107259155,
  0.0,
  0.0006300655268147888,
  0.0012601310536295778,
  0.0007200748877883301,
  0.0048004992519222,
  0.0033603494763455406,
  0.00044804659684607204,
  0.0144014977557666,
  0.01152119820461328,
  0.0062376487154664085,
  0.00027722883179850705,
  0.09980237944746256,
  0.019009977037611907,
  0.005670589741333099,
  0.011341179482666199,
  0.006480673990094968,
  0.043204493267299804,
  0.005040524214518309,
  0.0006720698952691079,
  0.021602246633649902,
  0.017281797306919915,
  6.300655268147887e-05,
  0.0,
  0.001008104842903662,
  0.000192019970076888
 ]
}