{
 "var": [
  0,
  1,
  3,
  4
 ],
 "card": [
  2,
  2,
  2,
  2
 ],
 "val": [
  0.23522476050110533,
  0.03136330140014739,
  0.013264554163596164,
  0.010611643330876937,
  0.352837140751658,
  0.04704495210022108,
  0.019896831245394254,
  0.015917464996315408,
  0.012380250552689757,
  0.0016507000736919676,
  0.05305821665438467,
  0.04244657332350774,
  0.01857037582903463,
  0.0024760501105379512,
  0.07958732498157702,
  0.06366985998526162
 ]
}