{
 "var": [
  0,
  1,
  3,
  4,
  6,
  7,
  8,
  9
 ],
 "card": [
  2,
  2,
  2,
  2,
  2,
  2,
  2,
  2
 ],
 "val": [
  4.166223666074944e-05,
  0.0015553901686679798,
  0.00016201980923624784,
  0.002592316947779967,
  1.4401760820999809e-05,
  0.0005376657373173261,
  3.600440205249953e-05,
  0.0005760704328399924,
  2.3806992377571112e-05,
  0.0008887943820959885,
  9.258274813499879e-05,
  0.00148132397015998,
  8.229577611999892e-06,
  0.00030723756418132923,
  2.0573944029999735e-05,
  0.00032918310447999576,
  0.00033329789328599555,
  0.012443121349343838,
  0.0012961584738899834,
  0.02073853558223974,
  3.291831044799957e-05,
  0.0012289502567253171,
  8.229577611999893e-05,
  0.0013167324179199826,
  0.00019045593902056887,
  0.007110355056767907,
  0.0007406619850799903,
  0.01185059176127984,
  1.8810463113142617e-05,
  0.000702257289557324,
  4.702615778285654e-05,
  0.0007524185245257046,
  2.777482444049963e-05,
  0.0010369267791119864,
  0.0001080132061574986,
  0.001728211298519977,
  9.60117388066654e-06,
  0.00035844382487821745,
  2.4002934701666352e-05,
  0.0003840469552266616,
  0.0001249867099822483,
  0.0046661705060039365,
  0.0004860594277087436,
  0.007776950843339896,
  4.320528246299943e-05,
  0.0016129972119519782,
  0.00010801320615749853,
  0.001728211298519977,
  0.00022219859552399703,
  0.008295414232895888,
  0.0008641056492599885,
  0.013825690388159824,
  2.1945540298666377e-05,
  0.000819300171150211,
  5.486385074666594e-05,
  0.000877821611946655,
  0.0009998936798579865,
  0.03732936404803152,
  0.003888475421669948,
  0.06221560674671918,
  9.875493134399872e-05,
  0.0036868507701759506,
  0.00024688732835999674,
  0.003950197253759948,
  5.265643800178054e-05,
  0.001965840352066474,
  0.00020477503667359103,
  0.0032764005867774557,
  1.820222548209698e-05,
  0.0006795497513316204,
  4.5505563705242457e-05,
  0.0007280890192838793,
  0.0008124136148846143,
  0.030330108289025617,
  0.0031593862801068324,
  0.05055018048170935,
  0.0002808343360094963,
  0.01048448187768786,
  0.0007020858400237406,
  0.01123337344037985,
  0.0,
  0.0003888475421669947,
  0.0,
  0.0006480792369449915,
  0.0,
  3.840469552266616e-05,
  0.0,
  4.114788805999946e-05,
  0.000160697198548605,
  0.005999362079147922,
  0.0006249335499112416,
  0.009998936798579867,
  1.587132825171408e-05,
  0.0005925295880639922,
  3.967832062928519e-05,
  0.000634853130068563,
  0.00018113814672612502,
  0.006762490811108669,
  0.0007044261261571532,
  0.011270818018514445,
  6.261565565841361e-05,
  0.002337651144580774,
  0.0001565391391460341,
  0.0025046262263365426,
  0.00046307576048422997,
  0.017288161724744584,
  0.0018008501796608941,
  0.028813602874574316,
  0.00016007557152541288,
  0.00597615467028208,
  0.0004001889288135321,
  0.006403022861016516,
  3.582952352824451e-05,
  0.0013376355450544614,
  0.00013933703594317312,
  0.00222939257509077,
  3.538718373159953e-06,
  0.0001321121525979716,
  8.846795932899887e-06,
  0.00014154873492639816,
  9.159740317270481e-05,
  0.0034196363851143135,
  0.00035621212344940766,
  0.005699393975190521,
  9.046657103477023e-06,
  0.0003377418651964755,
  2.261664275869256e-05,
  0.0003618662841390809,
  6.665957865719912e-05,
  0.0024886242698687676,
  0.0002592316947779966,
  0.004147707116447946,
  2.304281731359969e-05,
  0.0008602651797077222,
  5.7607043283999234e-05,
  0.0009217126925439883,
  3.809118780411378e-05,
  0.0014220710113535813,
  0.00014813239701599805,
  0.0023701183522559684,
  1.3167324179199826e-05,
  0.0004915801026901266,
  3.2918310447999575e-05,
  0.0005266929671679932,
  0.0002833032092930961,
  0.010576653146942264,
  0.001101734702806486,
  0.017627755244903766,
  2.7980563880799634e-05,
  0.0010446077182165194,
  6.995140970199909e-05,
  0.0011192225552319852,
  0.00016188754816748354,
  0.006043801798252722,
  0.0006295626873179918,
  0.010073002997087866,
  1.5988893646171223e-05,
  0.0005969186961237256,
  3.9972234115428056e-05,
  0.0006395557458468486,
  4.4439719104799395e-05,
  0.0016590828465791777,
  0.0001728211298519977,
  0.0027651380776319632,
  1.536187820906646e-05,
  0.0005735101198051478,
  3.840469552266616e-05,
  0.0006144751283626587,
  0.0001999787359715973,
  0.007465872809606299,
  0.0007776950843339896,
  0.012443121349343835,
  6.91284519407991e-05,
  0.0025807955391231657,
  0.00017282112985199768,
  0.0027651380776319624,
  0.00018886880619539738,
  0.007051102097961508,
  0.0007344898018709902,
  0.011751836829935842,
  1.8653709253866422e-05,
  0.0006964051454776797,
  4.663427313466604e-05,
  0.0007461483701546568,
  0.0008499096278792885,
  0.03172995944082678,
  0.0033052041084194557,
  0.0528832657347113,
  8.394169164239891e-05,
  0.0031338231546495583,
  0.00020985422910599724,
  0.003357667665695955,
  0.0,
  0.0006264765957134915,
  6.525797872015538e-05,
  0.0010441276595224858,
  5.800709219569367e-06,
  0.00021655981086392303,
  1.4501773048923419e-05,
  0.00023202836878277467,
  0.0002589010421060858,
  0.009665638905293872,
  0.0010068373859681114,
  0.016109398175489783,
  8.949665653049877e-05,
  0.0033412085104719547,
  0.00022374164132624703,
  0.0035798662612199525,
  8.216718896981138e-05,
  0.003067575054872959,
  0.00031953906821593326,
  0.005112625091454932,
  8.115277922944337e-06,
  0.0003029703757899218,
  2.0288194807360848e-05,
  0.0003246111169177735,
  0.0012677223441056613,
  0.04732830084661137,
  0.004930031338188688,
  0.07888050141101897,
  0.0001252071450968555,
  0.0046744000836159375,
  0.00031301786274213887,
  0.005008285803874221,
  5.7725343462171695e-05,
  0.002155079489254411,
  0.0002244874467973345,
  0.003591799148757353,
  1.9954439715318623e-05,
  0.000744965749371895,
  4.988609928829656e-05,
  0.0007981775886127449,
  0.00014757359400046887,
  0.005509414176017505,
  0.0005738973100018234,
  0.009182356960029175,
  5.101309422238432e-05,
  0.0019044888509690142,
  0.00012753273555596078,
  0.002040523768895372,
  0.0002826551300561512,
  0.010552458188762976,
  0.0010992143946628103,
  0.017587430314604954,
  2.7916556054928517e-05,
  0.0010422180927173313,
  6.979139013732129e-05,
  0.001116662242197141,
  0.0007226017361402268,
  0.026977131482568473,
  0.0028101178627675497,
  0.044961885804280774,
  7.136807270520763e-05,
  0.002664408047661084,
  0.000178420181763019,
  0.0028547229082083046
 ]
}